ID,Certification,Category,Difficulty,Question Type,Question Text,Scenario Text,Option A,Option B,Option C,Option D,Correct Answer ID,Answer Explanation,Clinical Explanation,References,Status,Is Premium
mq-rbt-freq-001,RBT,A — Data Collection and Graphing,easy,conceptual,What does frequency measure in behavior data collection?,,The number of times a behavior occurs,How long a behavior lasts,The time between two behaviors,How intense a behavior is,A,Frequency is a count-based measure that records the number of times a behavior occurs during an observation period.,"RBTs use frequency counts for behaviors with a clear beginning and end, such as tallying how many times a client raises a hand or hits.",BACB — RBT Test Content Outline (3rd Edition),published,YES
mq-rbt-freq-002,RBT,A — Data Collection and Graphing,easy,conceptual,Frequency is best classified as which type of measurement?,,A permanent product measurement,A continuous measurement procedure,An interval recording procedure,A time-sampling procedure,B,"Frequency recording requires the observer to detect and record every occurrence of the target behavior throughout the session, which makes it a continuous measurement procedure.","Because frequency is continuous, the RBT must remain attentive throughout the entire session so no occurrence is missed.",BACB — RBT Test Content Outline (3rd Edition),published,YES
mq-rbt-freq-003,RBT,A — Data Collection and Graphing,easy,conceptual,Which of the following behaviors is MOST appropriate to measure using frequency?,,A client crying for varying lengths of time,A client engaging in continuous hand flapping,A client raising their hand to ask a question,A client's speed completing a worksheet,C,"Hand raising is a discrete behavior with a clear, consistent beginning and end, which makes it well suited to a simple count.","Frequency works best for behaviors that are brief and consistent in duration, so each occurrence can be counted as one unit.",BACB — RBT Test Content Outline (3rd Edition),published,YES
mq-rbt-freq-004,RBT,A — Data Collection and Graphing,easy,conceptual,An RBT is asked to count how many times a client says 'no' during a 30-minute session. Which measurement procedure is being used?,The RBT places a tally mark on a data sheet each time the client says the word.,Duration,Latency,Interresponse time,Frequency,D,Placing a tally mark for each occurrence of the behavior is the defining feature of frequency (event) recording.,Tally counting is one of the simplest and most common tools RBTs use to collect frequency data in session.,BACB — RBT Test Content Outline (3rd Edition),published,YES
mq-rbt-freq-005,RBT,A — Data Collection and Graphing,easy,conceptual,Which tool would an RBT most likely use to collect frequency data in real time?,,A hand tally counter,A stopwatch,A behavior rating scale,A permanent product checklist,A,"A hand tally counter allows the observer to increment a count each time the behavior occurs, which directly matches how frequency data is collected.",Many RBTs carry small clicker-style counters so they can record occurrences without looking away from the client for long.,BACB — RBT Test Content Outline (3rd Edition),published,YES
mq-rbt-freq-006,RBT,A — Data Collection and Graphing,easy,conceptual,Frequency data is typically expressed as which of the following?,,A percentage of intervals,A whole number count of occurrences,A ratio of correct to incorrect responses,A duration in minutes and seconds,B,"Frequency is simply the raw number of times the behavior happened, so it is reported as a whole number count.","When an RBT reports 'the client hit peers 4 times,' that number is a straightforward frequency count.",BACB — RBT Test Content Outline (3rd Edition),published,YES
mq-rbt-freq-007,RBT,A — Data Collection and Graphing,easy,conceptual,Which of the following is a key requirement for frequency data to be meaningfully compared across two different sessions?,,The client must be in the same mood both days,The behavior must occur at least once per minute,The observation periods must be of equal length,The data must be graphed on a bar chart,C,Raw counts are only directly comparable when the amount of time available for the behavior to occur is the same across sessions.,"If session lengths differ, an RBT should flag this to the supervisor rather than assume the raw counts reflect a real change in behavior.",BACB — RBT Test Content Outline (3rd Edition),published,YES
mq-rbt-freq-008,RBT,A — Data Collection and Graphing,easy,conceptual,Which behavior would be LEAST appropriate to measure using simple frequency counting?,,A client asking to use the restroom,A client throwing a single object,A client answering a question correctly,"A behavior that occurs continuously for long, variable periods, such as ongoing rocking",D,"Behaviors that occur continuously and vary in duration are difficult to count as discrete events, making frequency a poor match for them.","For behaviors like ongoing rocking, a different measure such as duration is usually more informative than a simple count.",BACB — RBT Test Content Outline (3rd Edition),published,YES
mq-rbt-freq-009,RBT,A — Data Collection and Graphing,easy,conceptual,Why do behavior analysts prefer frequency data for behaviors with a consistent duration?,,"Because each occurrence represents a roughly equal 'unit' of behavior, making counts meaningful",Because frequency data does not require an observer,Because consistent-duration behaviors cannot be timed,Because frequency automatically calculates rate,A,"When each instance of the behavior takes about the same amount of time, a simple count reflects the behavior fairly, since one occurrence is roughly equivalent to another.","This is why frequency works well for something like 'raises hand' but less well for something like 'tantrums,' which can vary widely in length.",BACB — RBT Test Content Outline (3rd Edition),published,YES
mq-rbt-freq-010,RBT,A — Data Collection and Graphing,easy,conceptual,An RBT collecting frequency data on 'requests for a break' should record a new tally when which of the following occurs?,,Only at the end of the session,Each time the client emits the request,Only if the request is granted,Every 5 minutes regardless of behavior,B,Frequency recording requires marking each individual occurrence of the defined behavior as it happens.,"The RBT should record the request itself, not the caregiver or therapist's response to it, since frequency measures the client's behavior.",BACB — RBT Test Content Outline (3rd Edition),published,YES
mq-rbt-freq-011,RBT,A — Data Collection and Graphing,easy,conceptual,"A behavior plan defines the target behavior as 'each instance of hitting, defined as forceful contact of an open or closed hand with another person.' This definition supports which measurement approach?",,"Duration, because hitting lasts a long time","Latency, because hitting only matters if it is delayed","Frequency, because hitting is a discrete event with a clear beginning and end","IRT, because hitting only matters in relation to the next response",C,"A clearly defined, discrete event like a single instance of hitting is well suited to being counted, which is the basis of frequency recording.",Clear operational definitions like this one help RBTs decide reliably whether one instance has occurred and should be tallied.,BACB — RBT Test Content Outline (3rd Edition),published,YES
mq-rbt-freq-012,RBT,A — Data Collection and Graphing,easy,conceptual,What is the main advantage of using a wrist tally counter over paper-and-pencil tallying for frequency data?,,It automatically converts frequency into rate,It records duration instead of count,It eliminates the need for an operational definition,It allows the RBT to record occurrences without looking away from the client,D,A wrist counter lets the RBT keep visual attention on the client and environment while still incrementing a count for each occurrence.,Staying visually engaged with the client is important for both safety and accurate behavior detection during session.,BACB — RBT Test Content Outline (3rd Edition),published,YES
mq-rbt-freq-013,RBT,A — Data Collection and Graphing,easy,conceptual,Which of the following data sheets is designed for frequency recording?,,A sheet with tally boxes labeled by behavior for the RBT to mark each occurrence,A sheet with a single start and stop time box,A sheet divided into 10-second intervals to mark yes/no,A sheet listing only the antecedent and consequence of one incident,A,"A sheet with tally boxes for marking each occurrence is designed specifically for counting how many times a behavior happens, which is frequency recording.",RBTs should choose the data sheet that matches the measurement procedure specified in the behavior plan.,BACB — RBT Test Content Outline (3rd Edition),published,YES
mq-rbt-freq-014,RBT,A — Data Collection and Graphing,easy,conceptual,"In frequency recording, what does a single tally mark represent?",,One minute of observation,One complete occurrence of the defined target behavior,One correct response only,One instruction delivered by the RBT,B,Each tally mark corresponds to one full instance of the behavior as it has been operationally defined.,"Consistently marking one tally per occurrence, and not per partial or unclear instance, keeps the data accurate.",BACB — RBT Test Content Outline (3rd Edition),published,YES
mq-rbt-freq-015,RBT,A — Data Collection and Graphing,easy,application,An RBT is told to record frequency of 'calling out without raising a hand' during a 20-minute academic session. The client calls out 6 times. How should the RBT record this?,,Record a duration of 20 minutes,Record a percentage of 30%,Record a count of 6 for the session,Record a rate of 6 per hour without noting session length,C,"Since the behavior was counted across the full session, the frequency is simply the total number of occurrences, which is 6.","Reporting the raw count of 6, along with the session length in the notes, gives the supervisor accurate information for later comparison.",BACB — RBT Test Content Outline (3rd Edition),published,YES
mq-rbt-freq-016,RBT,A — Data Collection and Graphing,easy,conceptual,Which of the following best distinguishes frequency from duration recording?,,Frequency measures time; duration measures count,Frequency and duration are two names for the same procedure,Frequency is only used for verbal behavior; duration is used for physical behavior,Frequency counts how often a behavior occurs; duration measures how long each occurrence lasts,D,"Frequency answers 'how many times,' while duration answers 'how long,' making them distinct dimensions of behavior.","An RBT might use frequency for hand-raising and duration for a tantrum, since these behaviors are better captured by different dimensions.",BACB — RBT Test Content Outline (3rd Edition),published,YES
mq-rbt-freq-017,RBT,A — Data Collection and Graphing,easy,conceptual,A behavior technician records a tally each time a client independently completes a step of a daily living task. What is being measured?,,Frequency of independent task completions,Duration of task engagement,Latency to begin the task,Interresponse time between tasks,A,Counting each completed step as it happens is a straightforward application of frequency recording.,This kind of frequency data helps the team track how often the client independently performs the skill across sessions.,BACB — RBT Test Content Outline (3rd Edition),published,YES
mq-rbt-freq-018,RBT,A — Data Collection and Graphing,easy,conceptual,Why is frequency considered a 'continuous' measurement procedure?,,Because the behavior must occur continuously without stopping,Because the observer must watch and record throughout the entire observation period without sampling,Because it produces a continuous line on a graph,Because it can only be used with permanent products,B,Continuous measurement means the observer records every instance of the behavior across the whole session rather than sampling only certain intervals.,"This is different from interval-based procedures, where the RBT only notes whether behavior occurred during specific time windows.",BACB — RBT Test Content Outline (3rd Edition),published,YES
mq-rbt-freq-019,RBT,A — Data Collection and Graphing,easy,conceptual,Which of these is an example of frequency data being reported correctly?,,'The client raised their hand for 45 minutes.','The client raised their hand 18% of the time.','The client engaged in 8 instances of hand-raising during the 45-minute session.','The client took 8 seconds to raise their hand.',C,"This statement reports a whole-number count of occurrences within a stated session, which is the correct format for frequency data.","Including the session length alongside the count, as shown here, helps anyone reviewing the data later understand the context.",BACB — RBT Test Content Outline (3rd Edition),published,YES
mq-rbt-freq-020,RBT,A — Data Collection and Graphing,easy,conceptual,"Before using frequency to measure a behavior, what should the RBT confirm from the behavior plan?",,That the client's parents approve of the measurement,That the behavior occurs at least once per second,That the behavior can be filmed for permanent product recording,That the target behavior has a clear operational definition with an identifiable beginning and end,D,"A clear, agreed-upon operational definition ensures that everyone recording the behavior can reliably identify each occurrence, which is essential for accurate counting.","If an RBT is ever unsure whether a specific instance counts as an occurrence, the operational definition in the plan should guide the decision.",BACB — RBT Test Content Outline (3rd Edition),published,YES
mq-rbt-freq-021,RBT,A — Data Collection and Graphing,medium,conceptual,How does frequency differ from rate?,,"Rate is frequency divided by the amount of time observed, allowing comparison across unequal session lengths",Frequency and rate are calculated the same way,Rate only applies to duration-based behaviors,"Frequency requires dividing by time, while rate does not",A,"Rate standardizes a count by time (e.g., occurrences per minute), which allows meaningful comparisons even when sessions are different lengths, unlike raw frequency alone.","An RBT might report '5 tantrums' as frequency, but if session lengths vary day to day, converting to rate gives the supervisor a clearer trend.",BACB — RBT Test Content Outline (3rd Edition),published,YES
mq-rbt-freq-022,RBT,A — Data Collection and Graphing,medium,case_study,"On Monday, an RBT observed a client for 30 minutes and counted 9 instances of a target behavior. On Tuesday, the RBT observed the same client for 60 minutes and counted 9 instances. What is the most accurate conclusion?",The raw frequency count was identical both days.,The behavior increased on Tuesday because the session was longer,"The behavior likely occurred less often relative to observation time on Tuesday, so rate should be examined rather than raw counts alone",The data cannot be compared under any circumstances,The RBT should have recorded duration instead of frequency,B,"Because the observation periods differ, comparing raw counts directly is misleading; calculating rate (occurrences per minute) shows the behavior actually occurred less often relative to time on Tuesday.",This is a common reason supervisors ask RBTs to convert frequency data to rate whenever session lengths are inconsistent across days.,BACB — RBT Test Content Outline (3rd Edition),published,YES
mq-rbt-freq-023,RBT,A — Data Collection and Graphing,medium,clinical,Why might a BCBA ask an RBT to convert frequency data to rate before graphing it?,,Because rate is easier to write on a data sheet than frequency,Because graphs cannot display whole numbers,"Because session lengths vary from day to day, and rate accounts for that difference",Because rate eliminates the need for an operational definition,C,"Rate corrects for varying observation times, so trends on the graph reflect true changes in behavior rather than differences in how long each session lasted.",RBTs should let their supervisor know if session length is inconsistent so the team can decide whether rate conversion is needed.,BACB — RBT Test Content Outline (3rd Edition),published,YES
mq-rbt-freq-024,RBT,A — Data Collection and Graphing,medium,application,"An RBT is measuring 'time spent engaging in vocal stereotypy,' a behavior that varies widely in how long each episode lasts. The RBT decides to simply tally each time it starts, ignoring how long it lasts. What is the concern with this approach?",,Frequency cannot be used for vocal behavior under any circumstances,Tallying vocal stereotypy is not permitted for RBTs,The RBT should be measuring latency instead,"A simple frequency count does not capture the varying duration of each episode, which could understate the actual impact of the behavior",D,"Since episodes vary in length, two days with the same count could reflect very different amounts of actual behavior, so duration recording would likely give more clinically useful information.",This illustrates why RBTs must think about whether frequency truly captures what matters about a specific behavior before defaulting to a simple count.,BACB — RBT Test Content Outline (3rd Edition),published,YES
mq-rbt-freq-025,RBT,A — Data Collection and Graphing,medium,application,An RBT collects frequency data on 'independent mands' during a 2-hour session but is called away for 15 minutes to assist another therapist. What should the RBT do regarding the frequency count?,The RBT steps out of the room for 15 minutes during the session.,"Note the gap in observation on the data sheet, since frequency cannot be accurately recorded during a period when the behavior was not observed",Estimate how many mands likely occurred during the gap and add them to the count,Ignore the gap since it was a short period,Stop collecting data for the rest of the session,A,"Because frequency requires continuous observation, any occurrences during an unobserved period cannot be reliably counted, so the gap should be documented rather than estimated or ignored.",Accurately noting gaps in observation helps the supervising BCBA interpret the data correctly rather than assuming full session coverage.,BACB — RBT Test Content Outline (3rd Edition),published,YES
mq-rbt-freq-026,RBT,A — Data Collection and Graphing,medium,application,"When documenting frequency data in session notes, which of the following is most important for an RBT to include alongside the raw count?",,The RBT's personal opinion about why the behavior occurred,The length of the observation period,A diagnosis for the client,A recommendation to change the behavior plan,B,Including the observation period allows anyone reviewing the data later to interpret the count accurately or convert it to rate if needed.,"RBTs document objective information, such as session length and count, and leave clinical interpretation and plan changes to the supervising BCBA.",BACB — RBT Test Content Outline (3rd Edition),published,YES
mq-rbt-freq-027,RBT,A — Data Collection and Graphing,medium,clinical,An RBT notices that a client's frequency of self-injurious behavior has increased sharply over the past three sessions. What is the most appropriate action for the RBT to take?,,Independently increase the intensity of the current intervention,Stop implementing the behavior plan until the trend improves,Report the observed increase in frequency data to the supervising BCBA promptly,Adjust the target behavior definition to make the count appear lower,C,"RBTs collect and communicate data but do not independently make clinical decisions, so reporting the trend to the supervisor is the appropriate scope-respecting action.","Prompt, accurate reporting of concerning trends allows the BCBA to review the plan and make any necessary clinical adjustments.",BACB — RBT Test Content Outline (3rd Edition),published,YES
mq-rbt-freq-028,RBT,A — Data Collection and Graphing,medium,application,"A graph shows a client's daily frequency count of tantrums decreasing from 10 to 2 over three weeks, with session length remaining constant each day. What can be reasonably concluded from this pattern?",,The intervention has been proven to be the sole cause of the decrease,The client no longer requires behavior support,The data collection method must be changed to duration,The frequency of tantrums has decreased over time under consistent observation conditions,D,"Since session length was constant, the downward trend in raw counts reasonably reflects a real decrease in how often tantrums occurred, without overstating causation.","RBTs should describe what the data shows without claiming the intervention definitively caused the change, since that interpretation is a BCBA-level judgment.",BACB — RBT Test Content Outline (3rd Edition),published,YES
mq-rbt-freq-029,RBT,A — Data Collection and Graphing,medium,conceptual,How does frequency recording differ from interval recording?,,Frequency records every occurrence of a behavior; interval recording only notes whether the behavior occurred during set time segments,Frequency and interval recording produce identical data,"Interval recording tracks every occurrence, while frequency samples only part of the session",Frequency is only used in academic settings,A,"Frequency captures a full count of every occurrence, while interval recording divides the session into intervals and records only presence or absence within each, potentially missing exact counts.",An RBT might choose interval recording over frequency for very high-rate behaviors that are difficult to count precisely one at a time.,BACB — RBT Test Content Outline (3rd Edition),published,YES
mq-rbt-freq-030,RBT,A — Data Collection and Graphing,medium,application,"A client engages in hand-raising behavior at a rate that is easy to count, occurring only occasionally throughout a class period. Which measurement procedure is most appropriate?",,Duration recording,Frequency recording,Momentary time sampling,Partial interval recording,B,"Since the behavior is discrete and occurs infrequently enough to count each instance reliably, frequency recording is the most direct and appropriate choice.","Choosing frequency here gives an exact, easily interpretable count rather than an estimate, which is well suited for low- to moderate-rate discrete behaviors.",BACB — RBT Test Content Outline (3rd Edition),published,YES
mq-rbt-freq-031,RBT,A — Data Collection and Graphing,medium,application,An RBT collecting frequency data marks two tally marks for a single instance of hitting because the client hit the same peer twice in rapid succession during what the plan defines as 'one episode.' What is the issue with this recording?,The plan defines an episode of hitting as continuous contact attempts within a 3-second window as a single event.,The RBT should have recorded duration instead,Frequency should never be used for aggressive behavior,"The RBT did not follow the operational definition, which could inflate the frequency count",The RBT correctly followed standard frequency procedures,C,"Following the operational definition exactly is essential; deviating from it, as in counting two tallies for what the plan defines as one episode, inflates the data and reduces its accuracy.",Consistent application of the operational definition across all observers is what keeps frequency data reliable and comparable over time.,BACB — RBT Test Content Outline (3rd Edition),published,YES
mq-rbt-freq-032,RBT,A — Data Collection and Graphing,medium,clinical,Why is it important for all RBTs working with a client to use the same operational definition when collecting frequency data?,,Operational definitions are only needed for duration recording,Frequency data does not require an operational definition,Each RBT may define the behavior differently without affecting the data,Inconsistent definitions across observers reduce the reliability and comparability of the data,D,"If different RBTs count different things as 'the behavior,' the resulting frequency counts cannot be reliably compared across sessions or staff.",This is one reason interobserver agreement checks are periodically conducted on frequency data collection.,BACB — RBT Test Content Outline (3rd Edition),published,YES
mq-rbt-freq-033,RBT,A — Data Collection and Graphing,medium,application,"An RBT's frequency graph shows the number of correct independent responses increasing from 3 to 15 over two weeks, with session length held constant. How should the RBT describe this pattern when reporting to the supervisor?",,Describe the observed increase in the count of correct independent responses across sessions,State that the client has fully mastered the skill and no longer needs instruction,State that the intervention is definitely the cause of the improvement,Recommend discontinuing data collection since progress is evident,A,The RBT's role is to objectively describe what the data shows; broader conclusions about mastery or causation are clinical judgments made by the supervising BCBA.,"Objective, descriptive reporting keeps the RBT within scope while still providing the supervisor with useful information.",BACB — RBT Test Content Outline (3rd Edition),published,YES
mq-rbt-freq-034,RBT,A — Data Collection and Graphing,medium,application,"A BCBA is deciding between frequency and duration recording for a behavior described as 'client leaves the assigned area,' which happens a variable number of times per session and can last anywhere from a few seconds to several minutes. Which additional measure, beyond frequency, would likely give the most complete picture?",,"Latency, to capture how quickly the behavior begins","Duration, to capture how long each instance of leaving the area lasts","Interresponse time, to capture the time between school days","Percentage of trials, since this is a discrete-trial behavior",B,"Since the behavior varies significantly in length, tracking duration alongside frequency provides information that a simple count alone would miss.","RBTs often collect more than one dimension of behavior, such as frequency and duration together, when a single measure would not tell the full story.",BACB — RBT Test Content Outline (3rd Edition),published,YES
mq-rbt-freq-035,RBT,A — Data Collection and Graphing,medium,application,"An RBT is asked to record the frequency of a client's correct responses during a series of discrete trials. During one trial, the client provides a partially correct response. What should the RBT do?","The behavior plan specifies that only fully independent, correct responses count as an occurrence.",Count it as correct because the client attempted a response,Skip recording data for that trial entirely,Refer to the operational definition and only tally the response if it meets the specified criteria for 'correct',Ask the client to repeat the trial until it is correct before recording anything,C,"The operational definition determines what counts as an occurrence, so the RBT should apply that definition consistently rather than making an independent judgment call.","Sticking closely to the plan's criteria, even for borderline responses, keeps the frequency data accurate and consistent across sessions and staff.",BACB — RBT Test Content Outline (3rd Edition),published,YES
mq-rbt-freq-036,RBT,A — Data Collection and Graphing,medium,application,"An RBT's data sheet for frequency recording should, at minimum, include which of the following?",,Only the client's name and today's date,A narrative story about the session with no numerical data,The RBT's personal predictions about future behavior,"The date, session start and end time, the operationally defined behavior, and the tally of occurrences",D,"These elements allow anyone reviewing the sheet later to understand exactly what was measured, when, for how long, and how many times it occurred.",Complete documentation supports accurate rate calculations and trend analysis by the supervising BCBA.,BACB — RBT Test Content Outline (3rd Edition),published,YES
mq-rbt-freq-037,RBT,A — Data Collection and Graphing,medium,conceptual,A client's frequency of asking for help is being tracked across settings: 20 minutes at home and 50 minutes at the clinic. Why might comparing the raw frequency counts between these two settings be misleading?,,The unequal observation times mean the counts are not directly comparable without converting to rate,Frequency data cannot be collected in more than one setting,Only duration data can be compared across settings,The behavior definition automatically changes between settings,A,"Without adjusting for the different lengths of time observed in each setting, comparing raw counts could create a misleading impression of where the behavior occurs more often.",Converting each count to a rate (per minute) would allow a fairer comparison between the two settings.,BACB — RBT Test Content Outline (3rd Edition),published,YES
mq-rbt-freq-038,RBT,A — Data Collection and Graphing,medium,clinical,A BCBA reviews frequency data and calculates rate for two sessions of different lengths before comparing them. What clinical benefit does this provide over comparing raw frequency counts alone?,,It removes the need for an operational definition,"It controls for differences in observation time, allowing a more accurate comparison of how often the behavior truly occurred",It converts frequency data into duration data,It automatically identifies the function of the behavior,B,"Calculating rate standardizes the data for time, which is necessary whenever sessions are not the same length, so trends reflect actual behavior change rather than session-length differences.",This is a common step RBTs may be asked to help with under supervision when preparing data summaries.,BACB — RBT Test Content Outline (3rd Edition),published,YES
mq-rbt-freq-039,RBT,A — Data Collection and Graphing,medium,application,"An RBT counts a client's hand flapping using frequency, tallying each time the hands move up and down, even though the behavior is continuous and repetitive throughout most of the session. What is the concern with this method?",,Frequency should never be measured with a tally counter,Hand flapping cannot be measured under any circumstances,"Continuous, repetitive motor movements are difficult to count discretely, and frequency may not accurately represent the behavior",The RBT should be using latency to measure hand flapping,C,"Repetitive motor behaviors without a clear beginning and end for each 'unit' are difficult to count reliably, so a different measure like duration is often more appropriate.",This is a common consideration when a BCBA selects the measurement procedure written into the behavior plan.,BACB — RBT Test Content Outline (3rd Edition),published,YES
mq-rbt-freq-040,RBT,A — Data Collection and Graphing,medium,application,"Which factor is most important when a BCBA decides that frequency, rather than duration, is the appropriate measurement for a target behavior?",,Whether the client prefers frequency data,Whether the session is longer than 30 minutes,Whether the behavior occurs in a clinic versus a home setting,"Whether the behavior has a consistent, discrete duration each time it occurs",D,"When each occurrence takes roughly the same amount of time, a simple count meaningfully represents the behavior, making frequency the appropriate choice.","If duration varies widely between occurrences, a count alone may not capture the true impact of the behavior on the client's day.",BACB — RBT Test Content Outline (3rd Edition),published,YES
mq-rbt-freq-041,RBT,A — Data Collection and Graphing,medium,application,An RBT collected frequency data across a 40-minute session but the session was interrupted for 10 minutes due to a fire drill. How should this be documented?,"A fire drill occurred partway through the session, temporarily halting data collection.","Note the interruption and the actual observed time, rather than reporting the count as if a full 40 minutes were observed",Report the count as if it occurred across the full 40 minutes without noting the interruption,Discard the entire session's data because of the interruption,Estimate additional occurrences that might have happened during the drill,A,Accurately noting the interruption preserves the integrity of the data and prevents a misleading rate calculation later.,This kind of careful documentation helps the BCBA correctly interpret the data and account for any gaps.,BACB — RBT Test Content Outline (3rd Edition),published,YES
mq-rbt-freq-042,RBT,A — Data Collection and Graphing,medium,application,"A frequency graph shows high day-to-day variability, with counts ranging from 2 to 14 occurrences with no clear upward or downward trend over four weeks. How should an RBT describe this pattern to the supervisor?",,State that the intervention has failed and should be discontinued,"Describe the data as variable with no clear trend, without speculating on the cause",State that the client is intentionally being inconsistent,Average the numbers and report only the average without noting the variability,B,"Objectively describing the pattern, including its variability, gives the supervisor accurate information without the RBT overstepping into clinical interpretation.","Recognizing and reporting variability, rather than smoothing it over, helps the BCBA decide whether the plan needs adjustment.",BACB — RBT Test Content Outline (3rd Edition),published,YES
mq-rbt-freq-043,RBT,A — Data Collection and Graphing,medium,conceptual,How does frequency recording differ from permanent product recording when both are used to count how many worksheet problems a client completes correctly?,,Permanent product recording requires the RBT to be present continuously during the task,Frequency and permanent product recording are identical procedures,"Frequency requires the RBT to observe and tally in real time, while permanent product recording counts the completed work after the fact",Permanent product recording cannot be used to count correct responses,C,"Frequency recording happens in real time as the RBT observes behavior directly, whereas permanent product recording involves reviewing a tangible outcome, such as a completed worksheet, after the session.","For some tasks, permanent product recording can be more practical than live frequency counting, especially when a tangible output is available.",BACB — RBT Test Content Outline (3rd Edition),published,YES
mq-rbt-freq-044,RBT,A — Data Collection and Graphing,medium,clinical,A client's target behavior is 'independently requesting a preferred item using a full sentence.' Why would frequency be an appropriate measurement choice for this behavior?,,Because requesting always takes the same number of minutes,Because frequency automatically accounts for correctness of grammar,Because this behavior cannot be measured with any other procedure,"Because each request is a discrete, identifiable event with a clear beginning and end",D,"Each request is a distinct, countable event, making it a good match for frequency recording, which counts how many times a discrete behavior occurs.",This kind of frequency data helps the team track how often the client is using the target communication skill across sessions.,BACB — RBT Test Content Outline (3rd Edition),published,YES
mq-rbt-freq-045,RBT,A — Data Collection and Graphing,hard,application,An RBT observed a client for 25 minutes and recorded 15 occurrences of a target behavior. What is the rate of the behavior per minute?,,0.6 occurrences per minute,1.5 occurrences per minute,6 occurrences per minute,375 occurrences per minute,A,Rate is calculated by dividing the frequency count by the observation time: 15 occurrences divided by 25 minutes equals 0.6 occurrences per minute.,Converting frequency to rate like this allows the team to compare this session to others of different lengths.,BACB — RBT Test Content Outline (3rd Edition),published,YES
mq-rbt-freq-046,RBT,A — Data Collection and Graphing,hard,application,"A client was observed for 45 minutes on Monday with 18 occurrences of a behavior, and for 30 minutes on Wednesday with 15 occurrences. Which day had the higher rate of behavior?",,"Monday, because it had more total occurrences","Wednesday, since its rate (0.5 per minute) is higher than Monday's rate (0.4 per minute)",Both days had the same rate,The rate cannot be determined from this information,B,"Monday's rate is 18 divided by 45, which equals 0.4 per minute; Wednesday's rate is 15 divided by 30, which equals 0.5 per minute, so Wednesday has the higher rate despite having fewer total occurrences.","This example shows why comparing raw frequency counts alone, without considering session length, can lead to an incorrect conclusion about which day had 'more' behavior.",BACB — RBT Test Content Outline (3rd Edition),published,YES
mq-rbt-freq-047,RBT,A — Data Collection and Graphing,hard,application,"Over a 5-day school week, an RBT records the following frequency counts of a target behavior, each during a 60-minute session: 4, 6, 5, 9, 6. What is the average rate per minute across the week?",,6 occurrences per minute,1 occurrence per minute,0.1 occurrences per minute,30 occurrences per minute,C,"The total occurrences (4+6+5+9+6=30) divided by the total minutes observed (5 sessions × 60 minutes = 300 minutes) equals 30/300, or 0.1 occurrences per minute.",Averaging rate across multiple equal-length sessions like this gives a stable summary statistic for reporting weekly trends to the supervisor.,BACB — RBT Test Content Outline (3rd Edition),published,YES
mq-rbt-freq-048,RBT,A — Data Collection and Graphing,hard,application,A cumulative frequency graph for a target behavior shows a steadily increasing line with a consistently steep slope over three weeks. What does the steepness of the slope represent?,,The total number of sessions conducted,The exact time of day the behavior occurred,A decrease in behavior over time,A relatively high and consistent rate of occurrence during that period,D,"On a cumulative graph, the steeper the slope, the more occurrences are being added per unit of time, indicating a higher rate of behavior during that period.","A flattening slope on a cumulative graph would instead suggest the behavior is occurring less often, which is a pattern RBTs may notice and report.",BACB — RBT Test Content Outline (3rd Edition),published,YES
mq-rbt-freq-049,RBT,A — Data Collection and Graphing,hard,conceptual,"A BCBA is choosing between frequency and interresponse time (IRT) to better understand a self-injurious behavior that occurs at a high rate throughout the day. If the clinical question is 'how much time typically passes between each instance,' which measure directly answers that question, and why is frequency alone insufficient?",,"IRT directly measures the time between successive responses, while frequency only provides a total count without information about spacing between occurrences","Frequency directly measures time between responses, making IRT unnecessary",Both measures answer the same clinical question equally well,Neither measure can answer this clinical question,A,"Frequency tells you how many times something happened, but not how the occurrences were spaced out, while IRT specifically captures the time gaps between consecutive responses.","A BCBA might request IRT data specifically to evaluate patterns like whether responses cluster together or are evenly spaced, which frequency alone cannot reveal.",BACB — RBT Test Content Outline (3rd Edition),published,YES
mq-rbt-freq-050,RBT,A — Data Collection and Graphing,hard,case_study,"An RBT collects frequency data across two settings for the same behavior: 30 minutes at school with 12 occurrences, and 45 minutes at home with 12 occurrences. A caregiver states the behavior is 'exactly the same' in both places because the counts match. Why is this conclusion inaccurate?",The caregiver is comparing the two raw counts directly.,The counts prove the behavior is identical in both settings,"The rates differ (0.4 per minute at school versus 0.27 per minute at home), showing the behavior actually occurred less often relative to time at home",Frequency data cannot be collected in a home setting,The RBT should have used duration instead of frequency in both settings,B,"Because the observation periods differ, equal raw counts do not mean equal rates; calculating rate reveals the behavior actually occurred less frequently relative to time at home.","This is a common misunderstanding that RBTs may need to gently clarify, referring the caregiver's clinical question to the supervising BCBA if needed.",BACB — RBT Test Content Outline (3rd Edition),published,YES
mq-rbt-freq-051,RBT,A — Data Collection and Graphing,hard,application,A client's frequency of correct academic responses was 8 out of a 20-minute session on Monday and 20 out of a 50-minute session on Friday. Which statement correctly compares the two sessions using rate?,,Friday's rate was higher because the total count was higher,Monday's rate was higher because the session was shorter,"The rate was the same both days, at 0.4 correct responses per minute",The rate cannot be calculated because the sessions were different lengths,C,"Monday's rate is 8 divided by 20, which equals 0.4 per minute; Friday's rate is 20 divided by 50, which also equals 0.4 per minute, so the rates are actually equal despite the different raw counts.",This example highlights how rate can reveal that performance was actually consistent across two sessions that looked different when only raw counts were compared.,BACB — RBT Test Content Outline (3rd Edition),published,YES
mq-rbt-freq-052,RBT,A — Data Collection and Graphing,hard,clinical,Two RBTs independently collect frequency data on the same client during the same 30-minute session. RBT A records 10 occurrences; RBT B records 16 occurrences. What does this discrepancy most likely indicate?,,That the client's behavior changed mid-session,That frequency recording cannot be used with two observers,That one RBT should double their count to match the other,"A possible interobserver agreement problem, such as inconsistent application of the operational definition",D,A large discrepancy between two observers counting the same behavior during the same session usually points to inconsistent application of the operational definition rather than an actual change in behavior.,"When this kind of discrepancy is noticed, the RBT should report it to the supervisor so operational definitions can be reviewed or clarified.",BACB — RBT Test Content Outline (3rd Edition),published,YES
mq-rbt-freq-053,RBT,A — Data Collection and Graphing,hard,application,"An RBT records frequency data showing 24 occurrences of a behavior across a 3-hour school day, with sessions broken into four 45-minute blocks. What is the overall rate of the behavior per minute across the full day?",,Approximately 0.13 occurrences per minute,8 occurrences per minute,24 occurrences per minute,0.03 occurrences per minute,A,Four 45-minute blocks total 180 minutes; 24 occurrences divided by 180 minutes equals approximately 0.133 occurrences per minute.,Calculating an overall daily rate like this can help the team see the bigger picture beyond any single session's data.,BACB — RBT Test Content Outline (3rd Edition),published,YES
mq-rbt-freq-054,RBT,A — Data Collection and Graphing,hard,application,"A BCBA is designing a data collection system for a behavior that occurs extremely frequently, sometimes dozens of times per minute, making it difficult for an RBT to tally each instance accurately. Which adjustment to measurement is most appropriate?",,"Continue using frequency exactly as written, regardless of feasibility","Consider a sampling procedure, such as partial interval or momentary time sampling, since exhaustive frequency counting may not be feasible",Switch to measuring only the client's mood,Discontinue data collection entirely,B,"When a behavior occurs so rapidly that accurate real-time counting becomes impractical, an interval-based sampling procedure can provide a more feasible and still useful estimate of behavior occurrence.",An RBT who finds a specified procedure difficult to implement accurately should communicate this to the supervisor rather than silently under- or over-counting.,BACB — RBT Test Content Outline (3rd Edition),published,YES
mq-rbt-freq-055,RBT,A — Data Collection and Graphing,hard,application,"A frequency graph shows a target behavior that was decreasing steadily for four weeks, followed by a sudden spike in the fifth week that coincides with a documented interruption in service due to the RBT's absence. How should this data point be interpreted by the RBT when reporting to the supervisor?","The RBT was absent for one week, and a substitute unfamiliar with the plan covered sessions.",Remove the data point from the graph so it does not affect the trend,Conclude definitively that the substitute caused the increase without further discussion,"Report the spike along with the context of the staffing change, without independently concluding what caused it",Change the target behavior definition to make the spike disappear,C,"The RBT's role is to report relevant contextual information, such as a staffing change, alongside the data, while leaving the clinical interpretation of causation to the supervising BCBA.",Providing context without asserting a definitive cause helps the BCBA make a well-informed decision about the plan.,BACB — RBT Test Content Outline (3rd Edition),published,YES
mq-rbt-freq-056,RBT,A — Data Collection and Graphing,hard,application,"A client engaged in a target behavior 6 times during a 15-minute observation. If the RBT wanted to express this as occurrences per hour instead of per minute, what would the rate be?",,6 occurrences per hour,90 occurrences per hour,0.4 occurrences per hour,24 occurrences per hour,D,"The rate per minute is 6 divided by 15, which equals 0.4 per minute; multiplying by 60 minutes gives 24 occurrences per hour.","Expressing rate in different time units, such as per hour instead of per minute, can make data easier to communicate depending on the audience.",BACB — RBT Test Content Outline (3rd Edition),published,YES
mq-rbt-freq-057,RBT,A — Data Collection and Graphing,hard,conceptual,"A behavior plan initially specified frequency recording for 'instances of elopement,' but the BCBA later adds duration recording as well, tracking how long the client remains away from the assigned area each time. Why might combining these two measures give a more complete clinical picture than frequency alone?",,"Frequency shows how often elopement occurs, while duration shows how long each episode lasts, together capturing both how often and how much the behavior impacts safety and instruction time",Duration recording replaces the need for an operational definition,Frequency and duration always produce identical information,Combining measures is not permitted under BACB guidelines,A,"Frequency alone tells the team how many times elopement happened, but not how disruptive or risky each episode was, so adding duration provides additional clinically relevant information.",RBTs are often asked to collect multiple dimensions of the same behavior when a single measure would not capture the full clinical picture.,BACB — RBT Test Content Outline (3rd Edition),published,YES
mq-rbt-freq-058,RBT,A — Data Collection and Graphing,hard,case_study,An RBT is reviewing two weeks of frequency data for 'aggression toward peers.' Week 1 averaged 0.3 occurrences per minute across five 40-minute sessions. Week 2 averaged 0.5 occurrences per minute across five 25-minute sessions. Which statement most accurately reflects what the RBT should report?,Session lengths differed between the two weeks.,Aggression decreased because Week 2 had shorter sessions,"The rate of aggression increased from Week 1 to Week 2, even though total session time was shorter in Week 2",The data cannot be compared because different children were involved,The RBT should discard Week 2's data since sessions were shorter,B,"Since rate already accounts for the different session lengths, comparing the two calculated rates directly and accurately shows that the behavior increased in Week 2 despite the shorter sessions.",This kind of rate-based comparison is exactly why converting frequency to rate is valuable when session lengths are inconsistent across a reporting period.,BACB — RBT Test Content Outline (3rd Edition),published,YES
mq-rbt-freq-059,RBT,A — Data Collection and Graphing,hard,application,A supervisor asks an RBT to summarize four weeks of frequency data collected across sessions of varying lengths (30 to 60 minutes). What is the most appropriate way for the RBT to present this data to allow for accurate trend analysis?,,Report only the raw counts without any reference to session length,Average the raw counts without adjusting for session length,Convert each session's frequency count to a rate per minute before summarizing or graphing trends across weeks,Report only the longest session's data as representative of the month,C,"Because session lengths vary, converting each count to a rate allows for a fair, accurate comparison and trend analysis across all four weeks.",This reflects a broader RBT skill: recognizing when raw frequency data needs to be standardized before it can be meaningfully summarized or graphed.,BACB — RBT Test Content Outline (3rd Edition),published,YES
mq-rbt-freq-060,RBT,A — Data Collection and Graphing,medium,conceptual,"A client's frequency of independently putting away toys is measured across two 20-minute play sessions in the same day, both under identical conditions. Why is this comparison more valid than comparing two sessions of different lengths?",,Because frequency data can never be compared across two sessions in the same day,Because only duration data can be compared within the same day,Because the operational definition changes between equal-length sessions,Because equal observation periods allow the raw counts to be compared directly without needing to convert to rate,D,"When both sessions are the same length, the raw frequency counts already reflect a fair comparison, since the amount of opportunity for the behavior to occur was identical.",This is the simplest case for comparing frequency data: matched session lengths mean no rate conversion is necessary for a valid comparison.,BACB — RBT Test Content Outline (3rd Edition),published,YES
